Cost Center,Groups
1526,GCM
1W59,GCM
3D96,GCM
4X14,GCM
6865,GCM
6866,GCM
6867,GCM
6Y63,GCM
8561,GCM
8564,GCM
9663,GCM
9670,GCM
9759,GCM
B127,GCM
B212,GCM
C341,GCM
C613,GCM
C616,GCM
C619,GCM
C620,GCM
L535,GCM
M290,GCM
M829,GCM
Y031,GCM
Y384,GCM
1N61,IBD1
2P49,IBD1
2T71,IBD1
2Z22,IBD1
5214,IBD1
5502,IBD1
9142,IBD1
9601,IBD1
9605,IBD1
9611,IBD1
9612,IBD1
9614,IBD2
9616,IBD2
9617,IBD2
9621,IBD2
9622,IBD2
9625,IBD2
9627,IBD2
9632,IBD2
9637,IBD2
9645,IBD2
9651,IBD3
9681,IBD3
9697,IBD3
9698,IBD3
9716,IBD3
9727,IBD3
9728,IBD3
9761,IBD3
9767,IBD3
9M76,IBD3
C192,IBD3
N585,IBD3